[{"model": "admin.logentry", "pk": 1, "fields": {"action_time": "2024-12-09T08:39:07.622Z", "user": 1, "content_type": 7, "object_id": "1", "object_repr": "admin", "action_flag": 1, "change_message": "[{\"added\": {}}]"}}, {"model": "admin.logentry", "pk": 2, "fields": {"action_time": "2024-12-09T19:00:43.312Z", "user": 1, "content_type": 4, "object_id": "1", "object_repr": "admin", "action_flag": 2, "change_message": "[{\"changed\": {\"fields\": [\"First name\", \"Last name\", \"Email address\"]}}]"}}, {"model": "admin.logentry", "pk": 3, "fields": {"action_time": "2024-12-09T20:13:47.595Z", "user": 1, "content_type": 9, "object_id": "1", "object_repr": "8dd7205eba1d291bf1fcdc8296bf3ff634c8a59b", "action_flag": 1, "change_message": "[{\"added\": {}}]"}}, {"model": "admin.logentry", "pk": 4, "fields": {"action_time": "2024-12-09T20:27:31.283Z", "user": 1, "content_type": 7, "object_id": "1", "object_repr": "admin", "action_flag": 2, "change_message": "[{\"changed\": {\"fields\": [\"Ya login\"]}}]"}}, {"model": "admin.logentry", "pk": 5, "fields": {"action_time": "2024-12-09T21:03:34.583Z", "user": 1, "content_type": 4, "object_id": "2", "object_repr": "vasya@mail.ru", "action_flag": 3, "change_message": ""}}, {"model": "admin.logentry", "pk": 6, "fields": {"action_time": "2024-12-09T22:55:41.626Z", "user": 1, "content_type": 4, "object_id": "3", "object_repr": "vasya@mail.ru", "action_flag": 3, "change_message": ""}}, {"model": "admin.logentry", "pk": 7, "fields": {"action_time": "2024-12-09T23:09:40.416Z", "user": 1, "content_type": 4, "object_id": "4", "object_repr": "vasya@mail.ru", "action_flag": 3, "change_message": ""}}, {"model": "admin.logentry", "pk": 8, "fields": {"action_time": "2024-12-09T23:10:20.639Z", "user": 1, "content_type": 4, "object_id": "5", "object_repr": "vasya@mail.ru", "action_flag": 3, "change_message": ""}}, {"model": "admin.logentry", "pk": 9, "fields": {"action_time": "2024-12-15T16:19:17.745Z", "user": 1, "content_type": 4, "object_id": "6", "object_repr": "y0_AgAAAAB5V6_lAAyY7wAAAAEcYAy8AAAZMxoSY4JJHZtfm3TN-viecRTJQA", "action_flag": 3, "change_message": ""}}, {"model": "admin.logentry", "pk": 10, "fields": {"action_time": "2024-12-15T16:19:58.503Z", "user": 1, "content_type": 4, "object_id": "7", "object_repr": "beast.calendar@yandex.ru", "action_flag": 3, "change_message": ""}}, {"model": "admin.logentry", "pk": 11, "fields": {"action_time": "2024-12-15T16:20:51.514Z", "user": 1, "content_type": 4, "object_id": "8", "object_repr": "beast.calendar@yandex.ru", "action_flag": 3, "change_message": ""}}, {"model": "admin.logentry", "pk": 12, "fields": {"action_time": "2024-12-15T16:23:14.223Z", "user": 1, "content_type": 4, "object_id": "9", "object_repr": "beast.calendar@yandex.ru", "action_flag": 3, "change_message": ""}}, {"model": "admin.logentry", "pk": 13, "fields": {"action_time": "2024-12-16T22:40:59.890Z", "user": 1, "content_type": 4, "object_id": "10", "object_repr": "beast.calendar@yandex.ru", "action_flag": 3, "change_message": ""}}, {"model": "admin.logentry", "pk": 14, "fields": {"action_time": "2024-12-19T22:10:03.787Z", "user": 1, "content_type": 4, "object_id": "11", "object_repr": "beast.calendar@yandex.ru", "action_flag": 3, "change_message": ""}}, {"model": "admin.logentry", "pk": 15, "fields": {"action_time": "2024-12-19T22:26:50.441Z", "user": 1, "content_type": 4, "object_id": "12", "object_repr": "beast.calendar@yandex.ru", "action_flag": 3, "change_message": ""}}, {"model": "admin.logentry", "pk": 16, "fields": {"action_time": "2024-12-19T22:27:52.453Z", "user": 1, "content_type": 4, "object_id": "13", "object_repr": "beast.calendar@yandex.ru", "action_flag": 3, "change_message": ""}}, {"model": "admin.logentry", "pk": 17, "fields": {"action_time": "2024-12-30T21:54:50.664Z", "user": 1, "content_type": 4, "object_id": "14", "object_repr": "beast.calendar@yandex.ru", "action_flag": 3, "change_message": ""}}, {"model": "admin.logentry", "pk": 18, "fields": {"action_time": "2024-12-30T22:20:38.893Z", "user": 1, "content_type": 4, "object_id": "15", "object_repr": "beast.calendar@yandex.ru", "action_flag": 3, "change_message": ""}}, {"model": "admin.logentry", "pk": 19, "fields": {"action_time": "2024-12-30T22:24:26.344Z", "user": 1, "content_type": 4, "object_id": "16", "object_repr": "beast.calendar@yandex.ru", "action_flag": 3, "change_message": ""}}, {"model": "admin.logentry", "pk": 20, "fields": {"action_time": "2024-12-30T22:44:02.351Z", "user": 1, "content_type": 4, "object_id": "17", "object_repr": "beast.calendar@yandex.ru", "action_flag": 3, "change_message": ""}}, {"model": "admin.logentry", "pk": 21, "fields": {"action_time": "2024-12-30T22:50:32.522Z", "user": 1, "content_type": 4, "object_id": "18", "object_repr": "beast.calendar@yandex.ru", "action_flag": 3, "change_message": ""}}, {"model": "admin.logentry", "pk": 22, "fields": {"action_time": "2025-01-02T23:05:50.286Z", "user": 1, "content_type": 4, "object_id": "19", "object_repr": "beast.calendar@yandex.ru", "action_flag": 3, "change_message": ""}}, {"model": "admin.logentry", "pk": 23, "fields": {"action_time": "2025-01-09T22:23:27.583Z", "user": 1, "content_type": 4, "object_id": "21", "object_repr": "olga-olechka-5@yandex.ru", "action_flag": 3, "change_message": ""}}, {"model": "admin.logentry", "pk": 24, "fields": {"action_time": "2025-01-17T15:48:15.600Z", "user": 1, "content_type": 4, "object_id": "23", "object_repr": "and@mail.ru", "action_flag": 3, "change_message": ""}}, {"model": "admin.logentry", "pk": 25, "fields": {"action_time": "2025-01-22T13:27:56.311Z", "user": 1, "content_type": 4, "object_id": "25", "object_repr": "olik@mail.ru", "action_flag": 3, "change_message": ""}}, {"model": "admin.logentry", "pk": 26, "fields": {"action_time": "2025-01-22T13:45:10.955Z", "user": 1, "content_type": 4, "object_id": "26", "object_repr": "olik@mail.ru", "action_flag": 3, "change_message": ""}}, {"model": "admin.logentry", "pk": 27, "fields": {"action_time": "2025-01-26T15:25:18.578Z", "user": 1, "content_type": 4, "object_id": "27", "object_repr": "olik@mail.ru", "action_flag": 3, "change_message": ""}}, {"model": "admin.logentry", "pk": 28, "fields": {"action_time": "2025-01-27T23:05:28.995Z", "user": 1, "content_type": 10, "object_id": "1", "object_repr": "Group object (1)", "action_flag": 1, "change_message": "[{\"added\": {}}]"}}, {"model": "admin.logentry", "pk": 29, "fields": {"action_time": "2025-01-27T23:08:10.144Z", "user": 1, "content_type": 11, "object_id": "1", "object_repr": "UserGroup object (1)", "action_flag": 1, "change_message": "[{\"added\": {}}]"}}, {"model": "admin.logentry", "pk": 30, "fields": {"action_time": "2025-02-05T13:27:57.520Z", "user": 1, "content_type": 4, "object_id": "29", "object_repr": "olga-olechka-5@yandex.ru", "action_flag": 3, "change_message": ""}}, {"model": "admin.logentry", "pk": 31, "fields": {"action_time": "2025-02-05T13:30:30.923Z", "user": 1, "content_type": 4, "object_id": "34", "object_repr": "olga-alekhina@rambler.ru", "action_flag": 3, "change_message": ""}}, {"model": "admin.logentry", "pk": 32, "fields": {"action_time": "2025-02-05T13:35:39.219Z", "user": 1, "content_type": 4, "object_id": "36", "object_repr": "olga-alekhina@rambler.ru", "action_flag": 2, "change_message": "[{\"changed\": {\"fields\": [\"Active\"]}}]"}}, {"model": "admin.logentry", "pk": 33, "fields": {"action_time": "2025-02-05T13:36:15.955Z", "user": 1, "content_type": 4, "object_id": "36", "object_repr": "olga-alekhina@rambler.ru", "action_flag": 2, "change_message": "[{\"changed\": {\"fields\": [\"Active\"]}}]"}}, {"model": "admin.logentry", "pk": 34, "fields": {"action_time": "2025-02-05T21:30:41.909Z", "user": 1, "content_type": 4, "object_id": "36", "object_repr": "olga-alekhina@rambler.ru", "action_flag": 3, "change_message": ""}}, {"model": "admin.logentry", "pk": 35, "fields": {"action_time": "2025-02-05T21:30:41.909Z", "user": 1, "content_type": 4, "object_id": "35", "object_repr": "olga-olechka-5@yandex.ru", "action_flag": 3, "change_message": ""}}, {"model": "admin.logentry", "pk": 36, "fields": {"action_time": "2025-02-08T10:25:55.353Z", "user": 1, "content_type": 4, "object_id": "56", "object_repr": "ghjjjjjj@gggh.oo", "action_flag": 2, "change_message": "[{\"changed\": {\"fields\": [\"Active\"]}}]"}}, {"model": "admin.logentry", "pk": 37, "fields": {"action_time": "2025-02-08T10:26:11.291Z", "user": 1, "content_type": 4, "object_id": "56", "object_repr": "ghjjjjjj@gggh.oo", "action_flag": 2, "change_message": "[{\"changed\": {\"fields\": [\"Active\"]}}]"}}, {"model": "admin.logentry", "pk": 38, "fields": {"action_time": "2025-02-10T08:17:59.665Z", "user": 1, "content_type": 4, "object_id": "38", "object_repr": "olga-alekhina@rambler.ru", "action_flag": 3, "change_message": ""}}, {"model": "admin.logentry", "pk": 39, "fields": {"action_time": "2025-02-10T08:27:42.557Z", "user": 1, "content_type": 4, "object_id": "106", "object_repr": "olga-alekhina@rambler.ru", "action_flag": 3, "change_message": ""}}, {"model": "admin.logentry", "pk": 40, "fields": {"action_time": "2025-02-10T08:28:48.202Z", "user": 1, "content_type": 4, "object_id": "107", "object_repr": "olga-alekhina@rambler.ru", "action_flag": 3, "change_message": ""}}, {"model": "admin.logentry", "pk": 41, "fields": {"action_time": "2025-03-02T20:56:17.178Z", "user": 1, "content_type": 4, "object_id": "135", "object_repr": "beast.calendar@yandex.ru", "action_flag": 2, "change_message": "[{\"changed\": {\"fields\": [\"First name\"]}}]"}}, {"model": "admin.logentry", "pk": 42, "fields": {"action_time": "2025-03-02T20:56:47.712Z", "user": 1, "content_type": 4, "object_id": "135", "object_repr": "beast.calendar@yandex.ru", "action_flag": 3, "change_message": ""}}, {"model": "admin.logentry", "pk": 43, "fields": {"action_time": "2025-03-19T22:18:49.681Z", "user": 1, "content_type": 14, "object_id": "1", "object_repr": "event3, Бассейн", "action_flag": 2, "change_message": "[{\"changed\": {\"fields\": [\"Interval\", \"Byweekday\"]}}]"}}, {"model": "admin.logentry", "pk": 44, "fields": {"action_time": "2025-03-19T22:19:10.346Z", "user": 1, "content_type": 13, "object_id": "3", "object_repr": "event3, Бассейн", "action_flag": 2, "change_message": "[{\"changed\": {\"fields\": [\"End date\"]}}]"}}, {"model": "admin.logentry", "pk": 45, "fields": {"action_time": "2025-04-03T21:20:40.416Z", "user": 1, "content_type": 13, "object_id": "26", "object_repr": "event26, Test of repeats", "action_flag": 3, "change_message": ""}}, {"model": "auth.user", "pk": 1, "fields": {"password": "pbkdf2_sha256$870000$ll8Q9E9K7Ct2ezbrtpvSi1$ytBOqVtxZ7u8lMUIvhstRpobLTgpi8/YeObBLxm3uqc=", "last_login": "2025-04-07T09:39:53.777Z", "is_superuser": true, "username": "admin", "first_name": "Olik", "last_name": "A.", "email": "olik_al@mail.ru", "is_staff": true, "is_active": true, "date_joined": "2024-10-06T20:36:42Z", "groups": [], "user_permissions": []}}, {"model": "auth.user", "pk": 28, "fields": {"password": "pbkdf2_sha256$870000$q8yIrtefKL0fbngqEPEFUR$6DIRZcsFEWXlxNgkPEAvXwpy63KogatyR+QLqKVqeG0=", "last_login": null, "is_superuser": false, "username": "olik@mail.ru", "first_name": "", "last_name": "", "email": "olik@mail.ru", "is_staff": false, "is_active": true, "date_joined": "2025-01-26T15:26:13.186Z", "groups": [], "user_permissions": []}}, {"model": "auth.user", "pk": 31, "fields": {"password": "pbkdf2_sha256$870000$BmAMctSsnhCwym4YU6Wk3N$GAcAQxv7TN+JUzPq9hiSLSm1ExOAMEfcytk7JAbiKUI=", "last_login": null, "is_superuser": false, "username": "ghjjjjjj@gggh.jj", "first_name": "", "last_name": "", "email": "ghjjjjjj@gggh.jj", "is_staff": false, "is_active": true, "date_joined": "2025-02-01T11:29:40.489Z", "groups": [], "user_permissions": []}}, {"model": "auth.user", "pk": 46, "fields": {"password": "!ocYXPZZW6nFaQ8IZ4PhFhNp6YJCT5QHDPow5cdwB", "last_login": null, "is_superuser": false, "username": "Саша-M6pRQMHN", "first_name": "", "last_name": "", "email": "", "is_staff": false, "is_active": true, "date_joined": "2025-02-06T14:34:30.630Z", "groups": [], "user_permissions": []}}, {"model": "auth.user", "pk": 102, "fields": {"password": "pbkdf2_sha256$870000$WjIHZvlYIZTtXQ25WzBdNY$XH7bAv22k4bfkvncljyGURsIvk81aEJ8/mOPZI05b6U=", "last_login": null, "is_superuser": false, "username": "andrei.kslpv@yandex.ru", "first_name": "Андрей", "last_name": "Косолапов", "email": "andrei.kslpv@yandex.ru", "is_staff": false, "is_active": true, "date_joined": "2025-02-10T08:09:13.919Z", "groups": [], "user_permissions": []}}, {"model": "auth.user", "pk": 103, "fields": {"password": "pbkdf2_sha256$870000$ZaXqJ8ulZiEUMfOYEr1C76$Cs+pb+t6sNLoXEewNK8ivdySmYjAAKrfjMpWKrTjrXI=", "last_login": null, "is_superuser": false, "username": "ghjjjjjj@gggh.oo", "first_name": "", "last_name": "", "email": "ghjjjjjj@gggh.oo", "is_staff": false, "is_active": false, "date_joined": "2025-02-10T08:11:30.869Z", "groups": [], "user_permissions": []}}, {"model": "auth.user", "pk": 108, "fields": {"password": "pbkdf2_sha256$870000$obbiNL6iyElDNYLzcvtzyY$HUxnsjY5VVszrA1k/dx3Frwdx543KPW8yXkDB/z2gnE=", "last_login": null, "is_superuser": false, "username": "olga-alekhina@rambler.ru", "first_name": "Lelik", "last_name": "", "email": "olga-alekhina@rambler.ru", "is_staff": false, "is_active": true, "date_joined": "2025-02-10T08:28:58.074Z", "groups": [], "user_permissions": []}}, {"model": "auth.user", "pk": 110, "fields": {"password": "pbkdf2_sha256$870000$n2DEjXcPWQzZsw2B3c64nl$MzymHPiGdlz/cDgwtUgyZepG4C+UUR7zbDcmLQTUeiI=", "last_login": null, "is_superuser": false, "username": "andreikslpv.dev@gmail.com", "first_name": "", "last_name": "", "email": "andreikslpv.dev@gmail.com", "is_staff": false, "is_active": true, "date_joined": "2025-02-10T08:47:40.777Z", "groups": [], "user_permissions": []}}, {"model": "auth.user", "pk": 113, "fields": {"password": "pbkdf2_sha256$870000$nTb3KUpNDHLBo8ecAa0Zz4$WyukA/CneYuX+QRg0+p4U/QEQU1D2rGDiDG5LptM8U8=", "last_login": null, "is_superuser": false, "username": "olga-olechka-5@yandex.ru", "first_name": "Ольга", "last_name": "Алехина", "email": "olga-olechka-5@yandex.ru", "is_staff": false, "is_active": true, "date_joined": "2025-02-11T15:44:02.263Z", "groups": [], "user_permissions": []}}, {"model": "auth.user", "pk": 120, "fields": {"password": "", "last_login": null, "is_superuser": false, "username": "maevski.ed@yandex.by", "first_name": "Эдуард", "last_name": "Маевский", "email": "maevski.ed@yandex.by", "is_staff": false, "is_active": true, "date_joined": "2025-02-18T11:44:00.655Z", "groups": [], "user_permissions": []}}, {"model": "auth.user", "pk": 121, "fields": {"password": "pbkdf2_sha256$870000$6nI467oFPTnfvd85eZbdSL$owrFWZSmiWLFIsve19IMpiREkvtwdWqAker5VPWtKEI=", "last_login": null, "is_superuser": false, "username": "maevski.ed@gmail.com", "first_name": "Ed", "last_name": "", "email": "maevski.ed@gmail.com", "is_staff": false, "is_active": true, "date_joined": "2025-02-26T11:00:44.752Z", "groups": [], "user_permissions": []}}, {"model": "auth.user", "pk": 122, "fields": {"password": "!Uz9jQmEjnKUMfBaWKiJRjlsUC5qk7HKjeXnRjdHY", "last_login": null, "is_superuser": false, "username": "ггг-yuqP3b5x", "first_name": "", "last_name": "", "email": "", "is_staff": false, "is_active": false, "date_joined": "2025-03-02T11:43:51.363Z", "groups": [], "user_permissions": []}}, {"model": "auth.user", "pk": 123, "fields": {"password": "!zKhF5ZZTcjR3uBDz23U7kLvybMS0bUZY02fRFH5o", "last_login": null, "is_superuser": false, "username": "ггг-pNK69fpY", "first_name": "", "last_name": "", "email": "", "is_staff": false, "is_active": false, "date_joined": "2025-03-02T11:44:09.651Z", "groups": [], "user_permissions": []}}, {"model": "auth.user", "pk": 124, "fields": {"password": "!mT4c56t3QdoI4ziWNobMtcoQiNIUD02XoI8kHq1q", "last_login": null, "is_superuser": false, "username": "гг-sZEeg9r4", "first_name": "", "last_name": "", "email": "", "is_staff": false, "is_active": false, "date_joined": "2025-03-02T11:56:06.709Z", "groups": [], "user_permissions": []}}, {"model": "auth.user", "pk": 125, "fields": {"password": "!ZglUPiUgjRdgMSi5fXa9A2M4LYM9IK4urcCT4Rj6", "last_login": null, "is_superuser": false, "username": "шшш-IDZrqWH4", "first_name": "", "last_name": "", "email": "", "is_staff": false, "is_active": false, "date_joined": "2025-03-02T11:56:37.316Z", "groups": [], "user_permissions": []}}, {"model": "auth.user", "pk": 126, "fields": {"password": "!UHgQl0VA9yTlcuoOf6ZjpObYqFFVALldgjB87tvH", "last_login": null, "is_superuser": false, "username": "ллд-x2HDWIl7", "first_name": "", "last_name": "", "email": "", "is_staff": false, "is_active": false, "date_joined": "2025-03-02T12:06:48.387Z", "groups": [], "user_permissions": []}}, {"model": "auth.user", "pk": 127, "fields": {"password": "!vyaenEWJeoWcy6MJWfTZxqluZwzfovQi5g5IOHul", "last_login": null, "is_superuser": false, "username": "ллдлоолл-00mPvJn8", "first_name": "", "last_name": "", "email": "", "is_staff": false, "is_active": false, "date_joined": "2025-03-02T12:07:30.098Z", "groups": [], "user_permissions": []}}, {"model": "auth.user", "pk": 128, "fields": {"password": "!BW9kE8PUIyEzT7SqUweLPcNk00nTfR5CsVizlECE", "last_login": null, "is_superuser": false, "username": "ллл-lelTyk6M", "first_name": "", "last_name": "", "email": "", "is_staff": false, "is_active": false, "date_joined": "2025-03-02T12:25:12.385Z", "groups": [], "user_permissions": []}}, {"model": "auth.user", "pk": 129, "fields": {"password": "!oiZxptdVppvcJ96a8qcU1TVnM3jcocKY8voodWVs", "last_login": null, "is_superuser": false, "username": "лллщщ-lMLUyAFf", "first_name": "", "last_name": "", "email": "", "is_staff": false, "is_active": false, "date_joined": "2025-03-02T12:25:49.244Z", "groups": [], "user_permissions": []}}, {"model": "auth.user", "pk": 130, "fields": {"password": "!OLVeZpGZZe6VJyEZxPcSUBjmgJKClP6MvlzBi172", "last_login": null, "is_superuser": false, "username": "ххххх-FxlBdEO8", "first_name": "", "last_name": "", "email": "", "is_staff": false, "is_active": false, "date_joined": "2025-03-02T12:27:28.358Z", "groups": [], "user_permissions": []}}, {"model": "auth.user", "pk": 131, "fields": {"password": "!WUR4qN0RBegwoWHlmEePG14zaiVAg1ExgCpyYNPQ", "last_login": null, "is_superuser": false, "username": "ххххх-u9pkLa64", "first_name": "", "last_name": "", "email": "", "is_staff": false, "is_active": false, "date_joined": "2025-03-02T12:27:44.835Z", "groups": [], "user_permissions": []}}, {"model": "auth.user", "pk": 132, "fields": {"password": "!iN6AADtyQOOwxqPBsbZUzck1PPuF0AaFR3rmz8pz", "last_login": null, "is_superuser": false, "username": "хххххзззз-ncSiqHjf", "first_name": "", "last_name": "", "email": "", "is_staff": false, "is_active": false, "date_joined": "2025-03-02T12:28:04.615Z", "groups": [], "user_permissions": []}}, {"model": "auth.user", "pk": 133, "fields": {"password": "!L7TUsyOUwcmaDlWAiKW0jl36uox6uee5Zy4ht9g0", "last_login": null, "is_superuser": false, "username": "мммии-mOYMS8Vh", "first_name": "", "last_name": "", "email": "", "is_staff": false, "is_active": false, "date_joined": "2025-03-02T12:28:15.017Z", "groups": [], "user_permissions": []}}, {"model": "auth.user", "pk": 134, "fields": {"password": "!pkXDam6med37sin0xaOMXSLvEE29h0D5mou3Xpmf", "last_login": null, "is_superuser": false, "username": "ллдд-yOalU4pq", "first_name": "", "last_name": "", "email": "", "is_staff": false, "is_active": false, "date_joined": "2025-03-02T12:35:18.667Z", "groups": [], "user_permissions": []}}, {"model": "auth.user", "pk": 137, "fields": {"password": "!1BQ69JpjmlJHKpuF1iR9MhiLUrmAS7piGskPda9u", "last_login": null, "is_superuser": false, "username": "Vasya-xODsNcpn", "first_name": "", "last_name": "", "email": "", "is_staff": false, "is_active": false, "date_joined": "2025-03-04T13:16:10.689Z", "groups": [], "user_permissions": []}}, {"model": "auth.user", "pk": 139, "fields": {"password": "!DQX7PcwiQVampchZIaq9nTQ6SPesSASorONnngGr", "last_login": null, "is_superuser": false, "username": "гшщщд-gkjPgD5z", "first_name": "", "last_name": "", "email": "", "is_staff": false, "is_active": false, "date_joined": "2025-03-05T13:02:20.590Z", "groups": [], "user_permissions": []}}, {"model": "auth.user", "pk": 140, "fields": {"password": "!OpgtOuRPN1Mks3smD0AKB3e9xG7XtABbymbU4Jbp", "last_login": null, "is_superuser": false, "username": "ооллл-vXEF1kNZ", "first_name": "", "last_name": "", "email": "", "is_staff": false, "is_active": false, "date_joined": "2025-03-05T13:09:42.274Z", "groups": [], "user_permissions": []}}, {"model": "auth.user", "pk": 141, "fields": {"password": "!IxN7H69hkuADi7LmaWDQZBen7FtYMXIGeTmA9U2i", "last_login": null, "is_superuser": false, "username": "рооо-pJJ4SkzN", "first_name": "", "last_name": "", "email": "", "is_staff": false, "is_active": false, "date_joined": "2025-03-05T13:09:54.148Z", "groups": [], "user_permissions": []}}, {"model": "auth.user", "pk": 142, "fields": {"password": "!34h75sdRA7pAHBHvRsQQmgwjpFP2xgs4jOSwx9Ty", "last_login": null, "is_superuser": false, "username": "ноллл-71FPJEYZ", "first_name": "", "last_name": "", "email": "", "is_staff": false, "is_active": false, "date_joined": "2025-03-05T13:10:06.947Z", "groups": [], "user_permissions": []}}, {"model": "auth.user", "pk": 149, "fields": {"password": "!u8H43Syi5pEEjiK5KPXLoja8wHKlVbMJHENLGjXZ", "last_login": null, "is_superuser": false, "username": "ugh-omfKQOk7", "first_name": "", "last_name": "", "email": "", "is_staff": false, "is_active": false, "date_joined": "2025-03-16T08:48:48.042Z", "groups": [], "user_permissions": []}}, {"model": "auth.user", "pk": 150, "fields": {"password": "!7P3mu47TnB8rWQHBfm8EAReFPIz4ytDnJDXpgTEA", "last_login": null, "is_superuser": false, "username": "ааа-eWMSZh62", "first_name": "", "last_name": "", "email": "", "is_staff": false, "is_active": false, "date_joined": "2025-03-26T12:09:21.031Z", "groups": [], "user_permissions": []}}, {"model": "auth.user", "pk": 151, "fields": {"password": "!WCKHZUxAmWLcC5gz3mfVzaoW5goAFiGflbl4Al3y", "last_login": null, "is_superuser": false, "username": "вас-3n40dsbM", "first_name": "", "last_name": "", "email": "", "is_staff": false, "is_active": false, "date_joined": "2025-03-26T12:09:28.407Z", "groups": [], "user_permissions": []}}, {"model": "auth.user", "pk": 152, "fields": {"password": "!gbdugn0Z6JnMwIBzWTZEOJt2wNzr8uXJ8qImZk2f", "last_login": null, "is_superuser": false, "username": "нолл-MzqKZjzC", "first_name": "", "last_name": "", "email": "", "is_staff": false, "is_active": false, "date_joined": "2025-03-30T09:04:26.070Z", "groups": [], "user_permissions": []}}, {"model": "auth.user", "pk": 153, "fields": {"password": "!tS18wZwaeFKGEBQCEUS6WYkub3MDJRhchzrdhlGC", "last_login": null, "is_superuser": false, "username": "джжж-WChNKEXq", "first_name": "", "last_name": "", "email": "", "is_staff": false, "is_active": false, "date_joined": "2025-03-30T09:04:32.549Z", "groups": [], "user_permissions": []}}, {"model": "auth.user", "pk": 154, "fields": {"password": "", "last_login": null, "is_superuser": false, "username": "kent-askl@yandex.ru", "first_name": "Андрей", "last_name": "Косолапов", "email": "kent-askl@yandex.ru", "is_staff": false, "is_active": true, "date_joined": "2025-04-05T07:02:13.708Z", "groups": [], "user_permissions": []}}, {"model": "sessions.session", "pk": "31yggh1wbcf1fl24ljhg1t8jj2ohncn8", "fields": {"session_data": ".eJxVjDEOgzAQBP_iOrI4-4whZXreYN3hcyCJbAlDFeXvAYkiKbbZmd23CrStU9iqLGGO6qpAXX47pvEp-QDxQfle9FjyusysD0WftOqhRHndTvfvYKI67eu2Z7SGm5RsZ_d4bJAFTA_AsWML6AkjojMoxonrPQA4kjZ5IsuiPl-_Qzc2:1tKQck:mDuK2wnL7m5UQwNC7I2zF753d_c9jImV9HWOcnYTtq0", "expire_date": "2024-12-22T23:23:38.084Z"}}, {"model": "sessions.session", "pk": "36590boi5xdkff59q7boxpy8rxlehn7v", "fields": {"session_data": ".eJxVjEEOgjAQRe_StWmGoS3UpXvPQKYzU0FNSSisjHdXEha6_e-9_zIDbes4bFWXYRJzNo05_W6J-KFlB3Kncpstz2VdpmR3xR602uss-rwc7t_BSHX81ppc6rPnVsRnYYrYY5cpOkw-Q4sZ0IFKAwE4MFBstKPgeg05oEcw7w8Bzjf0:1tlDck:PZqEfCNRMYG7h8HlebS3mHSjsA4YLlYRv2PMDYZ_9tI", "expire_date": "2025-03-06T20:58:22.115Z"}}, {"model": "sessions.session", "pk": "4bltyruwqab3ssqqpiw0ymt775itfg4o", "fields": {"session_data": ".eJxVjEEOgjAQRe_StWmGoS3UpXvPQKYzU0FNSSisjHdXEha6_e-9_zIDbes4bFWXYRJzNo05_W6J-KFlB3Kncpstz2VdpmR3xR602uss-rwc7t_BSHX81ppc6rPnVsRnYYrYY5cpOkw-Q4sZ0IFKAwE4MFBstKPgeg05oEcw7w8Bzjf0:1tupsU:nRpq70O7ZFtyVEPoJbwGimrmqfcP2_UD-J77Sw_HdQc", "expire_date": "2025-04-02T09:38:22.639Z"}}, {"model": "sessions.session", "pk": "6guc4afxe9bprwki4fs9fuzzfjnbc0vx", "fields": {"session_data": ".eJxVjDEOgzAQBP_iOrI4-4whZXreYN3hcyCJbAlDFeXvAYkiKbbZmd23CrStU9iqLGGO6qpAXX47pvEp-QDxQfle9FjyusysD0WftOqhRHndTvfvYKI67eu2Z7SGm5RsZ_d4bJAFTA_AsWML6AkjojMoxonrPQA4kjZ5IsuiPl-_Qzc2:1tSNiS:09sK4JlPhThAXLuJ1qcCOvGlAsN6j3L-C33_0h6sz_c", "expire_date": "2025-01-13T21:54:24.093Z"}}, {"model": "sessions.session", "pk": "8a0j4cmlqzbb1sle9mlb1vstll6rxz09", "fields": {"session_data": ".eJxVjEEOgjAQRe_StWmGoS3UpXvPQKYzU0FNSSisjHdXEha6_e-9_zIDbes4bFWXYRJzNo05_W6J-KFlB3Kncpstz2VdpmR3xR602uss-rwc7t_BSHX81ppc6rPnVsRnYYrYY5cpOkw-Q4sZ0IFKAwE4MFBstKPgeg05oEcw7w8Bzjf0:1tv1iU:n36BTiyyLxE7sFZsQ_dQIww5EQLwsXT7oeMhXyp4_aU", "expire_date": "2025-04-02T22:16:50.114Z"}}, {"model": "sessions.session", "pk": "9r8h6r60ufc04gvhmswewn57yoahznup", "fields": {"session_data": ".eJxVjEEOgjAQRe_StWmGoS3UpXvPQKYzU0FNSSisjHdXEha6_e-9_zIDbes4bFWXYRJzNo05_W6J-KFlB3Kncpstz2VdpmR3xR602uss-rwc7t_BSHX81ppc6rPnVsRnYYrYY5cpOkw-Q4sZ0IFKAwE4MFBstKPgeg05oEcw7w8Bzjf0:1tetD8:v4OupnLJFmCLFPUBVpuG8O5yo3HGCip55SWbX73E0Lg", "expire_date": "2025-02-17T09:57:46.938Z"}}, {"model": "sessions.session", "pk": "c4ltkadkgmeyabsiw7o4mj3huhaig0to", "fields": {"session_data": ".eJxVjEEOgjAQRe_StWmGoS3UpXvPQKYzU0FNSSisjHdXEha6_e-9_zIDbes4bFWXYRJzNo05_W6J-KFlB3Kncpstz2VdpmR3xR602uss-rwc7t_BSHX81ppc6rPnVsRnYYrYY5cpOkw-Q4sZ0IFKAwE4MFBstKPgeg05oEcw7w8Bzjf0:1trQKF:IVxfPxeesHApFUaVIdxAvf3PXVVyoOwbo1uoO8-eeTU", "expire_date": "2025-03-23T23:44:55.870Z"}}, {"model": "sessions.session", "pk": "d6iac7zikv28ox796uf40qqrsyn5k59k", "fields": {"session_data": ".eJxVjEEOgjAQRe_StWmGoS3UpXvPQKYzU0FNSSisjHdXEha6_e-9_zIDbes4bFWXYRJzNo05_W6J-KFlB3Kncpstz2VdpmR3xR602uss-rwc7t_BSHX81ppc6rPnVsRnYYrYY5cpOkw-Q4sZ0IFKAwE4MFBstKPgeg05oEcw7w8Bzjf0:1tmJdF:Akd66QKGYHAL5oAkw6Ap9TjD2omwbiClnFQ4MZuLwWU", "expire_date": "2025-03-09T21:35:25.650Z"}}, {"model": "sessions.session", "pk": "dafas1zozwjwaz5rit6vhq79mc4saci6", "fields": {"session_data": ".eJxVjEEOgjAQRe_StWmGoS3UpXvPQKYzU0FNSSisjHdXEha6_e-9_zIDbes4bFWXYRJzNo05_W6J-KFlB3Kncpstz2VdpmR3xR602uss-rwc7t_BSHX81ppc6rPnVsRnYYrYY5cpOkw-Q4sZ0IFKAwE4MFBstKPgeg05oEcw7w8Bzjf0:1tnK5x:uBdHJ02XbVXrv7KKT9HOV8q8I15WL5l1plnyKJrbzjQ", "expire_date": "2025-03-12T16:17:13.803Z"}}, {"model": "sessions.session", "pk": "jh9u4mb5scd5opgdjizh6gl8z1c8a497", "fields": {"session_data": ".eJxVjDEOgzAQBP_iOrI4-4whZXreYN3hcyCJbAlDFeXvAYkiKbbZmd23CrStU9iqLGGO6qpAXX47pvEp-QDxQfle9FjyusysD0WftOqhRHndTvfvYKI67eu2Z7SGm5RsZ_d4bJAFTA_AsWML6AkjojMoxonrPQA4kjZ5IsuiPl-_Qzc2:1tNJgP:ONMqnPGrDsKj_3KXS4Ya0welCq5tH1eTd1Y3QkrM_oc", "expire_date": "2024-12-30T22:35:21.922Z"}}, {"model": "sessions.session", "pk": "kkui5rzlzogfqmhydg2m54oc27niil99", "fields": {"session_data": ".eJxVjEEOgjAQRe_StWmGoS3UpXvPQKYzU0FNSSisjHdXEha6_e-9_zIDbes4bFWXYRJzNo05_W6J-KFlB3Kncpstz2VdpmR3xR602uss-rwc7t_BSHX81ppc6rPnVsRnYYrYY5cpOkw-Q4sZ0IFKAwE4MFBstKPgeg05oEcw7w8Bzjf0:1twRtq:mQbu8Fslvc9NoUbHruxsN9rIc1MMQVbrW7MkJn9ohLo", "expire_date": "2025-04-06T20:26:26.946Z"}}, {"model": "sessions.session", "pk": "ktkhv6x2f2l6c3os8qlp2xhgypny1lh3", "fields": {"session_data": ".eJxVjEEOgjAQRe_StWmGoS3UpXvPQKYzU0FNSSisjHdXEha6_e-9_zIDbes4bFWXYRJzNo05_W6J-KFlB3Kncpstz2VdpmR3xR602uss-rwc7t_BSHX81ppc6rPnVsRnYYrYY5cpOkw-Q4sZ0IFKAwE4MFBstKPgeg05oEcw7w8Bzjf0:1tggaT:_qT_9A17Q1ED9w9CeUQnddsBMQh4GReYmNfUCAdGQ1M", "expire_date": "2025-02-22T08:53:17.465Z"}}, {"model": "sessions.session", "pk": "n0p0d9xmgkxgxklvzj6lzqh1gst2vi1m", "fields": {"session_data": ".eJxVjEEOgjAQRe_StWmGoS3UpXvPQKYzU0FNSSisjHdXEha6_e-9_zIDbes4bFWXYRJzNo05_W6J-KFlB3Kncpstz2VdpmR3xR602uss-rwc7t_BSHX81ppc6rPnVsRnYYrYY5cpOkw-Q4sZ0IFKAwE4MFBstKPgeg05oEcw7w8Bzjf0:1taaZ9:VmXwJhulntlMWgPgGyuKHeMVdxeq1Z_cuqMcn0jkK1c", "expire_date": "2025-02-05T13:14:43.016Z"}}, {"model": "sessions.session", "pk": "oc81saj8ssnx2ycsffnl1yrb10wnndue", "fields": {"session_data": ".eJxVjEEOgjAQRe_StWmGoS3UpXvPQKYzU0FNSSisjHdXEha6_e-9_zIDbes4bFWXYRJzNo05_W6J-KFlB3Kncpstz2VdpmR3xR602uss-rwc7t_BSHX81ppc6rPnVsRnYYrYY5cpOkw-Q4sZ0IFKAwE4MFBstKPgeg05oEcw7w8Bzjf0:1u1ixN:_6AJKo57kjg-DBqFWWB4hdiEymGxoPaGvBf8f-1N82s", "expire_date": "2025-04-21T09:39:53.802Z"}}, {"model": "sessions.session", "pk": "oug9bxefa927hsafm7pwyxvz9e8x7xzh", "fields": {"session_data": ".eJxVjEEOgjAQRe_StWmGoS3UpXvPQKYzU0FNSSisjHdXEha6_e-9_zIDbes4bFWXYRJzNo05_W6J-KFlB3Kncpstz2VdpmR3xR602uss-rwc7t_BSHX81ppc6rPnVsRnYYrYY5cpOkw-Q4sZ0IFKAwE4MFBstKPgeg05oEcw7w8Bzjf0:1tiEbW:FsPOdnKrQUmB_NCuHcqrQknEEYACcPjEgIW3Pe3mOQA", "expire_date": "2025-02-26T15:24:46.823Z"}}, {"model": "sessions.session", "pk": "oxm58ri3m1721yeatc5ok3eicqrn9olf", "fields": {"session_data": ".eJxVjEEOgjAQRe_StWmGoS3UpXvPQKYzU0FNSSisjHdXEha6_e-9_zIDbes4bFWXYRJzNo05_W6J-KFlB3Kncpstz2VdpmR3xR602uss-rwc7t_BSHX81ppc6rPnVsRnYYrYY5cpOkw-Q4sZ0IFKAwE4MFBstKPgeg05oEcw7w8Bzjf0:1u0SB2:KYU6RtzVH_V6WLmQLs0_9Nrv-EAdRs4dBa0HFjeSspk", "expire_date": "2025-04-17T21:32:44.337Z"}}, {"model": "sessions.session", "pk": "q5mtpcq6hq336mrjsxuutv7sev72uqgy", "fields": {"session_data": ".eJxVjEEOgjAQRe_StWmGoS3UpXvPQKYzU0FNSSisjHdXEha6_e-9_zIDbes4bFWXYRJzNo05_W6J-KFlB3Kncpstz2VdpmR3xR602uss-rwc7t_BSHX81ppc6rPnVsRnYYrYY5cpOkw-Q4sZ0IFKAwE4MFBstKPgeg05oEcw7w8Bzjf0:1tcoCd:WUXRlG5V_uas9spAW9shySmOCOLZ1wQKn_o55V95bgg", "expire_date": "2025-02-11T16:12:39.146Z"}}, {"model": "sessions.session", "pk": "qye1gmnh8y7rtabikelqyosb34ow2uqs", "fields": {"session_data": ".eJxVjEEOgjAQRe_StWmGoS3UpXvPQKYzU0FNSSisjHdXEha6_e-9_zIDbes4bFWXYRJzNo05_W6J-KFlB3Kncpstz2VdpmR3xR602uss-rwc7t_BSHX81ppc6rPnVsRnYYrYY5cpOkw-Q4sZ0IFKAwE4MFBstKPgeg05oEcw7w8Bzjf0:1tc4VR:UB345lOC3MJ3gfSpXITnrhLdnpg1_G_pi3WlME_rbb0", "expire_date": "2025-02-09T15:25:01.115Z"}}, {"model": "sessions.session", "pk": "rmhen7f2wnkl310y7797t6eis9aj9jl8", "fields": {"session_data": ".eJxVjDEOgzAQBP_iOrI4-4whZXreYN3hcyCJbAlDFeXvAYkiKbbZmd23CrStU9iqLGGO6qpAXX47pvEp-QDxQfle9FjyusysD0WftOqhRHndTvfvYKI67eu2Z7SGm5RsZ_d4bJAFTA_AsWML6AkjojMoxonrPQA4kjZ5IsuiPl-_Qzc2:1tMrKh:z5NKVLoMCcQBtr9B6GO3o_pUaetGjoOYG2gXNqq74AQ", "expire_date": "2024-12-29T16:19:03.380Z"}}, {"model": "sessions.session", "pk": "ucck1j4ap5x47qf2xd3vbz6fqmt1n70o", "fields": {"session_data": ".eJxVjEEOgjAQRe_StWmGoS3UpXvPQKYzU0FNSSisjHdXEha6_e-9_zIDbes4bFWXYRJzNo05_W6J-KFlB3Kncpstz2VdpmR3xR602uss-rwc7t_BSHX81ppc6rPnVsRnYYrYY5cpOkw-Q4sZ0IFKAwE4MFBstKPgeg05oEcw7w8Bzjf0:1tzzRf:-gA-jKVd3SycinvU1jUKYwoM4r351WPuyh_9L1WsITI", "expire_date": "2025-04-16T14:51:59.308Z"}}, {"model": "sessions.session", "pk": "x6sfmhjtgg3z99varwjjjdsyxnlvd5dx", "fields": {"session_data": ".eJxVjEEOgjAQRe_StWmGoS3UpXvPQKYzU0FNSSisjHdXEha6_e-9_zIDbes4bFWXYRJzNo05_W6J-KFlB3Kncpstz2VdpmR3xR602uss-rwc7t_BSHX81ppc6rPnVsRnYYrYY5cpOkw-Q4sZ0IFKAwE4MFBstKPgeg05oEcw7w8Bzjf0:1tcYZD:nOBxMte17mpnPDBaLIRNATAEZEr1owz08ISR5xNm5OE", "expire_date": "2025-02-10T23:30:55.053Z"}}, {"model": "sessions.session", "pk": "xu4z34of3hr0qg56iuqbo3szlo68fno7", "fields": {"session_data": ".eJxVjDEOgzAQBP_iOrI4-4whZXreYN3hcyCJbAlDFeXvAYkiKbbZmd23CrStU9iqLGGO6qpAXX47pvEp-QDxQfle9FjyusysD0WftOqhRHndTvfvYKI67eu2Z7SGm5RsZ_d4bJAFTA_AsWML6AkjojMoxonrPQA4kjZ5IsuiPl-_Qzc2:1syC57:aKxQPWozquNWXIDLdUy8ywFvZQTrxSJdCdQ8XUnGXoU", "expire_date": "2024-10-22T15:25:01.199Z"}}, {"model": "sessions.session", "pk": "y7qje9khcj57vmdx6ckt2o5f26witid8", "fields": {"session_data": ".eJxVjEEOgjAQRe_StWmGoS3UpXvPQKYzU0FNSSisjHdXEha6_e-9_zIDbes4bFWXYRJzNo05_W6J-KFlB3Kncpstz2VdpmR3xR602uss-rwc7t_BSHX81ppc6rPnVsRnYYrYY5cpOkw-Q4sZ0IFKAwE4MFBstKPgeg05oEcw7w8Bzjf0:1ta0vl:fQFb3Aa_R16ku-TT79Y-7Q0B2qPIatz9PwdyTrm2efc", "expire_date": "2025-02-03T23:11:41.553Z"}}, {"model": "authtoken.token", "pk": "059c400e4b7f4a8dd2f03032e5c67f06b1226c07", "fields": {"user": 121, "created": "2025-02-26T11:00:45.151Z"}}, {"model": "authtoken.token", "pk": "0ef22329850ea037d60c4cfe34aaeeb776f8f343", "fields": {"user": 129, "created": "2025-03-02T12:25:51.076Z"}}, {"model": "authtoken.token", "pk": "1147ab0954498707d2e1a44368e6caacb5f2991e", "fields": {"user": 154, "created": "2025-04-05T07:02:13.711Z"}}, {"model": "authtoken.token", "pk": "1a58dd57545722f9dd8d82f8862ae93359f85dd2", "fields": {"user": 127, "created": "2025-03-02T12:07:30.354Z"}}, {"model": "authtoken.token", "pk": "28cf0399b3d69781de0c571ed31154c5bae28a64", "fields": {"user": 28, "created": "2025-01-26T15:26:13.391Z"}}, {"model": "authtoken.token", "pk": "2b67c4e06c35b627eab8d7cbb4de2eb3cb0255ca", "fields": {"user": 150, "created": "2025-03-26T12:09:21.101Z"}}, {"model": "authtoken.token", "pk": "2c3824ee9a7c70e562593375ca1bda20e7030572", "fields": {"user": 102, "created": "2025-02-10T08:09:13.920Z"}}, {"model": "authtoken.token", "pk": "38951a99082f7d99ba4956027d491c13b16f504e", "fields": {"user": 142, "created": "2025-03-05T13:10:08.429Z"}}, {"model": "authtoken.token", "pk": "4cd7a97b59e0a2c75930128f843a8bc7567596a6", "fields": {"user": 137, "created": "2025-03-04T13:16:10.736Z"}}, {"model": "authtoken.token", "pk": "55c4e0215f68c8fb6bcf45b624812b2960ea6f50", "fields": {"user": 108, "created": "2025-02-10T08:28:58.445Z"}}, {"model": "authtoken.token", "pk": "5754b8a61df68c567a935ca53abcda190e18c80b", "fields": {"user": 123, "created": "2025-03-02T11:44:10.150Z"}}, {"model": "authtoken.token", "pk": "5b21eb0cdf4360f784019043bcd271897695efec", "fields": {"user": 153, "created": "2025-03-30T09:04:42.323Z"}}, {"model": "authtoken.token", "pk": "6237906c9bc316fa1feb1e3af103f951a3e214e5", "fields": {"user": 149, "created": "2025-03-16T08:48:48.087Z"}}, {"model": "authtoken.token", "pk": "7838269cb1785855f66902aaa92c5b82e131ddc5", "fields": {"user": 120, "created": "2025-02-18T11:44:00.656Z"}}, {"model": "authtoken.token", "pk": "7951fb6beb61c15a7f6cc20171f24bbcea9dde1b", "fields": {"user": 130, "created": "2025-03-02T12:27:44.658Z"}}, {"model": "authtoken.token", "pk": "83ea60cf9d65d73f6eb2a7b3699b8c73decbd87c", "fields": {"user": 31, "created": "2025-02-01T11:29:44.185Z"}}, {"model": "authtoken.token", "pk": "8dd7205eba1d291bf1fcdc8296bf3ff634c8a59b", "fields": {"user": 1, "created": "2024-12-09T20:13:47.594Z"}}, {"model": "authtoken.token", "pk": "926a2585c9fae44c56c0441f465bdd0a9a580731", "fields": {"user": 131, "created": "2025-03-02T12:27:44.960Z"}}, {"model": "authtoken.token", "pk": "a00df6ffe9fd5026e169ed3c539889e6e6fdf1b8", "fields": {"user": 128, "created": "2025-03-02T12:25:12.472Z"}}, {"model": "authtoken.token", "pk": "a1bfc1a218be6a84545408209eb5786458c4a6fb", "fields": {"user": 103, "created": "2025-02-10T08:11:31.337Z"}}, {"model": "authtoken.token", "pk": "a4b6607b5fd1f298d9b625177d51e96f3d66b7d6", "fields": {"user": 134, "created": "2025-03-02T12:35:19.180Z"}}, {"model": "authtoken.token", "pk": "aeaec93eb112fd7521ef2b8d7745412cdb8366ed", "fields": {"user": 125, "created": "2025-03-02T11:56:37.841Z"}}, {"model": "authtoken.token", "pk": "b68910c7da48f6a009f7873c817cc3d9c5707675", "fields": {"user": 124, "created": "2025-03-02T11:56:06.788Z"}}, {"model": "authtoken.token", "pk": "b6946a4b05a1ffbb09ff659d28db27eb399edc29", "fields": {"user": 139, "created": "2025-03-05T13:02:29.207Z"}}, {"model": "authtoken.token", "pk": "b9db2d57f51bdffa0b8c24d56456141d9f3fb8ab", "fields": {"user": 140, "created": "2025-03-05T13:09:42.372Z"}}, {"model": "authtoken.token", "pk": "c8e4c47cdcbd51f723909fc389a6cbd223e032a3", "fields": {"user": 133, "created": "2025-03-02T12:28:15.129Z"}}, {"model": "authtoken.token", "pk": "c8fdefaca76e10bd0143b7b651339bb9190af0a7", "fields": {"user": 113, "created": "2025-02-11T15:44:02.267Z"}}, {"model": "authtoken.token", "pk": "c985680e02c731fdef4d7491c68f7daf65206c54", "fields": {"user": 110, "created": "2025-02-10T08:47:41.129Z"}}, {"model": "authtoken.token", "pk": "cfe9ee6767dc2665332defa2f5af415dae2f9a03", "fields": {"user": 151, "created": "2025-03-26T12:09:35.897Z"}}, {"model": "authtoken.token", "pk": "d2442ce0c75258f2fc272f20f4795f3ea01ac40e", "fields": {"user": 122, "created": "2025-03-02T11:44:06.595Z"}}, {"model": "authtoken.token", "pk": "d2c4754521f26a7e4c1bb9025ba48e8178fc4458", "fields": {"user": 126, "created": "2025-03-02T12:06:48.560Z"}}, {"model": "authtoken.token", "pk": "d87e0acc84fb068c95c4eb12f7a486d7268b008d", "fields": {"user": 141, "created": "2025-03-05T13:09:54.205Z"}}, {"model": "authtoken.token", "pk": "f609e792f2b3939617c933c06c106ec6cab03c32", "fields": {"user": 152, "created": "2025-03-30T09:04:26.140Z"}}, {"model": "authtoken.token", "pk": "f74432c66b2a55661b706375e5d8a9a56faed71e", "fields": {"user": 46, "created": "2025-02-06T14:34:30.673Z"}}, {"model": "authtoken.token", "pk": "ff424534359faf6de2f0c0d0fb3e8be802fa8626", "fields": {"user": 132, "created": "2025-03-02T12:28:04.769Z"}}, {"model": "users.userprofile", "pk": 1, "fields": {"user": 1, "avatar": "", "gender": "", "birthday": "1980-01-19", "nickname": ""}}, {"model": "users.userprofile", "pk": 28, "fields": {"user": 28, "avatar": "", "gender": "", "birthday": null, "nickname": "olik"}}, {"model": "users.userprofile", "pk": 31, "fields": {"user": 31, "avatar": "", "gender": "", "birthday": null, "nickname": "ghjjjjjj"}}, {"model": "users.userprofile", "pk": 46, "fields": {"user": 46, "avatar": "", "gender": "", "birthday": null, "nickname": ""}}, {"model": "users.userprofile", "pk": 102, "fields": {"user": 102, "avatar": "https://avatars.yandex.net/get-yapic/69015/0t-5/islands-75", "gender": "M", "birthday": "1986-06-12", "nickname": "andrei.kslpv"}}, {"model": "users.userprofile", "pk": 103, "fields": {"user": 103, "avatar": "", "gender": "", "birthday": null, "nickname": "ghjjjjjj"}}, {"model": "users.userprofile", "pk": 108, "fields": {"user": 108, "avatar": "", "gender": "", "birthday": null, "nickname": "olga-alekhina"}}, {"model": "users.userprofile", "pk": 110, "fields": {"user": 110, "avatar": "", "gender": "", "birthday": null, "nickname": "andreikslpv.dev"}}, {"model": "users.userprofile", "pk": 113, "fields": {"user": 113, "avatar": "https://avatars.yandex.net/get-yapic/33202/MAtJt4l70JysltUGQuVyFZIBFk-1/islands-75", "gender": "F", "birthday": "1980-01-19", "nickname": "olga-olechka-5"}}, {"model": "users.userprofile", "pk": 120, "fields": {"user": 120, "avatar": "https://avatars.yandex.net/get-yapic/0/0-0/islands-75", "gender": "M", "birthday": null, "nickname": "maevski.ed"}}, {"model": "users.userprofile", "pk": 121, "fields": {"user": 121, "avatar": "", "gender": "", "birthday": null, "nickname": "maevski.ed"}}, {"model": "users.userprofile", "pk": 122, "fields": {"user": 122, "avatar": "", "gender": "", "birthday": null, "nickname": ""}}, {"model": "users.userprofile", "pk": 123, "fields": {"user": 123, "avatar": "", "gender": "", "birthday": null, "nickname": ""}}, {"model": "users.userprofile", "pk": 124, "fields": {"user": 124, "avatar": "", "gender": "", "birthday": null, "nickname": ""}}, {"model": "users.userprofile", "pk": 125, "fields": {"user": 125, "avatar": "", "gender": "", "birthday": null, "nickname": ""}}, {"model": "users.userprofile", "pk": 126, "fields": {"user": 126, "avatar": "", "gender": "", "birthday": null, "nickname": ""}}, {"model": "users.userprofile", "pk": 127, "fields": {"user": 127, "avatar": "", "gender": "", "birthday": null, "nickname": ""}}, {"model": "users.userprofile", "pk": 128, "fields": {"user": 128, "avatar": "", "gender": "", "birthday": null, "nickname": ""}}, {"model": "users.userprofile", "pk": 129, "fields": {"user": 129, "avatar": "", "gender": "", "birthday": null, "nickname": ""}}, {"model": "users.userprofile", "pk": 130, "fields": {"user": 130, "avatar": "", "gender": "", "birthday": null, "nickname": ""}}, {"model": "users.userprofile", "pk": 131, "fields": {"user": 131, "avatar": "", "gender": "", "birthday": null, "nickname": ""}}, {"model": "users.userprofile", "pk": 132, "fields": {"user": 132, "avatar": "", "gender": "", "birthday": null, "nickname": ""}}, {"model": "users.userprofile", "pk": 133, "fields": {"user": 133, "avatar": "", "gender": "", "birthday": null, "nickname": ""}}, {"model": "users.userprofile", "pk": 134, "fields": {"user": 134, "avatar": "", "gender": "", "birthday": null, "nickname": ""}}, {"model": "users.userprofile", "pk": 137, "fields": {"user": 137, "avatar": "", "gender": "", "birthday": null, "nickname": ""}}, {"model": "users.userprofile", "pk": 139, "fields": {"user": 139, "avatar": "", "gender": "", "birthday": null, "nickname": ""}}, {"model": "users.userprofile", "pk": 140, "fields": {"user": 140, "avatar": "", "gender": "", "birthday": null, "nickname": ""}}, {"model": "users.userprofile", "pk": 141, "fields": {"user": 141, "avatar": "", "gender": "", "birthday": null, "nickname": ""}}, {"model": "users.userprofile", "pk": 142, "fields": {"user": 142, "avatar": "", "gender": "", "birthday": null, "nickname": ""}}, {"model": "users.userprofile", "pk": 149, "fields": {"user": 149, "avatar": "", "gender": "", "birthday": null, "nickname": ""}}, {"model": "users.userprofile", "pk": 150, "fields": {"user": 150, "avatar": "", "gender": "", "birthday": null, "nickname": ""}}, {"model": "users.userprofile", "pk": 151, "fields": {"user": 151, "avatar": "", "gender": "", "birthday": null, "nickname": ""}}, {"model": "users.userprofile", "pk": 152, "fields": {"user": 152, "avatar": "", "gender": "", "birthday": null, "nickname": ""}}, {"model": "users.userprofile", "pk": 153, "fields": {"user": 153, "avatar": "", "gender": "", "birthday": null, "nickname": ""}}, {"model": "users.userprofile", "pk": 154, "fields": {"user": 154, "avatar": "https://sun9-49.userapi.com/impf/DW4IDqvukChyc-WPXmzIot46En40R00idiUAXw/l5w5aIHioYc.jpg?quality=96&as=32x32,48x48,72x72,108x108,160x160,240x240,360x360&sign=10ad7d7953daabb7b0e707fdfb7ebefd&cs=50x50", "gender": "M", "birthday": "1986-06-12", "nickname": "kent-askl"}}, {"model": "users.group", "pk": 1, "fields": {"owner": 28, "name": "Updated family", "color": "blue"}}, {"model": "users.group", "pk": 5, "fields": {"owner": 28, "name": "My family", "color": "blue"}}, {"model": "users.group", "pk": 6, "fields": {"owner": 120, "name": "test4446", "color": "blue"}}, {"model": "users.group", "pk": 7, "fields": {"owner": 120, "name": "test6554", "color": "blue"}}, {"model": "users.group", "pk": 8, "fields": {"owner": 28, "name": "My new group", "color": "just color"}}, {"model": "users.group", "pk": 9, "fields": {"owner": 120, "name": "серебро", "color": "серебро"}}, {"model": "users.group", "pk": 10, "fields": {"owner": 120, "name": "золото", "color": "золото"}}, {"model": "users.group", "pk": 11, "fields": {"owner": 121, "name": "Group7777", "color": "Color03"}}, {"model": "users.group", "pk": 12, "fields": {"owner": 121, "name": "семья554", "color": "Color05"}}, {"model": "users.group", "pk": 13, "fields": {"owner": 121, "name": "семья988", "color": "Color05"}}, {"model": "users.group", "pk": 14, "fields": {"owner": 121, "name": "семья99887", "color": "Color04"}}, {"model": "users.group", "pk": 15, "fields": {"owner": 121, "name": "family1233", "color": "Color06"}}, {"model": "users.group", "pk": 16, "fields": {"owner": 121, "name": "fam444", "color": "DEFAULT"}}, {"model": "users.group", "pk": 17, "fields": {"owner": 121, "name": "family99776", "color": "Color06"}}, {"model": "users.group", "pk": 18, "fields": {"owner": 121, "name": "family3334", "color": "Color04"}}, {"model": "users.group", "pk": 19, "fields": {"owner": 121, "name": "family774", "color": "Color03"}}, {"model": "users.group", "pk": 20, "fields": {"owner": 121, "name": "family65432", "color": "EMERALD_LIGHT"}}, {"model": "users.group", "pk": 21, "fields": {"owner": 121, "name": "family4444", "color": "YELLOW"}}, {"model": "users.group", "pk": 22, "fields": {"owner": 121, "name": "family4444", "color": "YELLOW"}}, {"model": "users.group", "pk": 23, "fields": {"owner": 121, "name": "7я", "color": "EMERALD_LIGHT"}}, {"model": "users.group", "pk": 24, "fields": {"owner": 121, "name": "7я", "color": "EMERALD_LIGHT"}}, {"model": "users.group", "pk": 25, "fields": {"owner": 121, "name": "7яяч", "color": "MOCCO"}}, {"model": "users.group", "pk": 42, "fields": {"owner": 102, "name": "rhfhrj", "color": "DEFAULT"}}, {"model": "users.group", "pk": 43, "fields": {"owner": 102, "name": "djdjdi", "color": "DEFAULT"}}, {"model": "users.group", "pk": 44, "fields": {"owner": 102, "name": "hhjj", "color": "BLU"}}, {"model": "users.group", "pk": 45, "fields": {"owner": 102, "name": "rrrrrr", "color": "BLU"}}, {"model": "users.groupuser", "pk": 1, "fields": {"user": 28, "group": 1, "user_name": "Ольга", "user_role": "Царь", "user_color": "blue"}}, {"model": "users.groupuser", "pk": 4, "fields": {"user": 108, "group": 1, "user_name": "Masik", "user_role": "stranger", "user_color": "color"}}, {"model": "users.groupuser", "pk": 5, "fields": {"user": 28, "group": 5, "user_name": "olik", "user_role": "", "user_color": ""}}, {"model": "users.groupuser", "pk": 6, "fields": {"user": 120, "group": 6, "user_name": "maevski.ed", "user_role": "", "user_color": ""}}, {"model": "users.groupuser", "pk": 7, "fields": {"user": 120, "group": 7, "user_name": "maevski.ed", "user_role": "", "user_color": ""}}, {"model": "users.groupuser", "pk": 8, "fields": {"user": 28, "group": 8, "user_name": "olik", "user_role": "", "user_color": ""}}, {"model": "users.groupuser", "pk": 9, "fields": {"user": 120, "group": 9, "user_name": "maevski.ed", "user_role": "", "user_color": ""}}, {"model": "users.groupuser", "pk": 10, "fields": {"user": 120, "group": 10, "user_name": "maevski.ed", "user_role": "", "user_color": ""}}, {"model": "users.groupuser", "pk": 11, "fields": {"user": 121, "group": 11, "user_name": "maevski.ed", "user_role": "", "user_color": ""}}, {"model": "users.groupuser", "pk": 12, "fields": {"user": 121, "group": 12, "user_name": "maevski.ed", "user_role": "", "user_color": ""}}, {"model": "users.groupuser", "pk": 13, "fields": {"user": 121, "group": 13, "user_name": "maevski.ed", "user_role": "", "user_color": ""}}, {"model": "users.groupuser", "pk": 14, "fields": {"user": 121, "group": 14, "user_name": "maevski.ed", "user_role": "", "user_color": ""}}, {"model": "users.groupuser", "pk": 15, "fields": {"user": 121, "group": 15, "user_name": "maevski.ed", "user_role": "", "user_color": ""}}, {"model": "users.groupuser", "pk": 16, "fields": {"user": 121, "group": 16, "user_name": "maevski.ed", "user_role": "", "user_color": ""}}, {"model": "users.groupuser", "pk": 17, "fields": {"user": 121, "group": 17, "user_name": "maevski.ed", "user_role": "", "user_color": ""}}, {"model": "users.groupuser", "pk": 18, "fields": {"user": 121, "group": 18, "user_name": "maevski.ed", "user_role": "", "user_color": ""}}, {"model": "users.groupuser", "pk": 19, "fields": {"user": 121, "group": 19, "user_name": "maevski.ed", "user_role": "", "user_color": ""}}, {"model": "users.groupuser", "pk": 20, "fields": {"user": 121, "group": 20, "user_name": "maevski.ed", "user_role": "", "user_color": ""}}, {"model": "users.groupuser", "pk": 21, "fields": {"user": 121, "group": 21, "user_name": "maevski.ed", "user_role": "", "user_color": ""}}, {"model": "users.groupuser", "pk": 22, "fields": {"user": 121, "group": 22, "user_name": "maevski.ed", "user_role": "", "user_color": ""}}, {"model": "users.groupuser", "pk": 23, "fields": {"user": 121, "group": 23, "user_name": "maevski.ed", "user_role": "", "user_color": ""}}, {"model": "users.groupuser", "pk": 24, "fields": {"user": 121, "group": 24, "user_name": "maevski.ed", "user_role": "", "user_color": ""}}, {"model": "users.groupuser", "pk": 25, "fields": {"user": 121, "group": 25, "user_name": "maevski.ed", "user_role": "", "user_color": ""}}, {"model": "users.groupuser", "pk": 50, "fields": {"user": 137, "group": 1, "user_name": "Vasya", "user_role": "husband", "user_color": "some_color"}}, {"model": "users.groupuser", "pk": 67, "fields": {"user": 102, "group": 42, "user_name": "andrei.kslpv", "user_role": "", "user_color": ""}}, {"model": "users.groupuser", "pk": 68, "fields": {"user": 149, "group": 42, "user_name": "ugh", "user_role": "", "user_color": "DEFAULT"}}, {"model": "users.groupuser", "pk": 69, "fields": {"user": 102, "group": 43, "user_name": "andrei.kslpv", "user_role": "", "user_color": ""}}, {"model": "users.groupuser", "pk": 70, "fields": {"user": 150, "group": 43, "user_name": "ааа", "user_role": "ввс", "user_color": "EMERALD_LIGHT"}}, {"model": "users.groupuser", "pk": 71, "fields": {"user": 151, "group": 43, "user_name": "вас", "user_role": "", "user_color": "DEFAULT"}}, {"model": "users.groupuser", "pk": 72, "fields": {"user": 102, "group": 44, "user_name": "andrei.kslpv", "user_role": "", "user_color": ""}}, {"model": "users.groupuser", "pk": 73, "fields": {"user": 152, "group": 44, "user_name": "нолл", "user_role": "", "user_color": "CORAL"}}, {"model": "users.groupuser", "pk": 74, "fields": {"user": 153, "group": 44, "user_name": "джжж", "user_role": "", "user_color": "EMERALD_DARK"}}, {"model": "users.groupuser", "pk": 75, "fields": {"user": 102, "group": 45, "user_name": "andrei.kslpv", "user_role": "", "user_color": ""}}, {"model": "users.signupcode", "pk": 31, "fields": {"code": 4467, "user": 102, "code_time": "2025-02-10T08:10:02.568Z"}}, {"model": "users.signupcode", "pk": 32, "fields": {"code": 4782, "user": 103, "code_time": "2025-02-10T08:11:31.409Z"}}, {"model": "users.signupcode", "pk": 40, "fields": {"code": 1641, "user": 113, "code_time": "2025-02-11T15:44:54.627Z"}}, {"model": "events.event", "pk": 1, "fields": {"author": 1, "title": "test event", "location": "moscow", "start_date": "2025-02-21", "end_date": "2025-02-21", "start_time": null, "end_time": null, "repeats": false, "end_repeat": null, "users": [28, 108]}}, {"model": "events.event", "pk": 2, "fields": {"author": 1, "title": "Прогулка в парке", "location": null, "start_date": "2025-02-21", "end_date": "2025-02-21", "start_time": "18:00:00", "end_time": "19:00:00", "repeats": false, "end_repeat": null, "users": [28]}}, {"model": "events.event", "pk": 3, "fields": {"author": 28, "title": "Бассейн", "location": "Дворец спорта", "start_date": "2025-03-14", "end_date": "2025-03-16", "start_time": "18:00:00", "end_time": "19:00:00", "repeats": true, "end_repeat": "2025-04-07", "users": [28]}}, {"model": "events.event", "pk": 4, "fields": {"author": 120, "title": "event1", "location": "Moon", "start_date": "2025-03-18", "end_date": "2025-03-18", "start_time": null, "end_time": null, "repeats": false, "end_repeat": null, "users": [120]}}, {"model": "events.event", "pk": 5, "fields": {"author": 120, "title": "event1", "location": "Moon", "start_date": "2025-03-18", "end_date": "2025-03-18", "start_time": null, "end_time": null, "repeats": false, "end_repeat": null, "users": [120]}}, {"model": "events.event", "pk": 6, "fields": {"author": 120, "title": "event2", "location": "Sun", "start_date": "2025-03-18", "end_date": "2025-03-18", "start_time": "06:30:00", "end_time": "07:30:00", "repeats": true, "end_repeat": null, "users": [120]}}, {"model": "events.event", "pk": 7, "fields": {"author": 120, "title": "event2", "location": "Sun", "start_date": "2025-03-19", "end_date": "2025-03-19", "start_time": "06:30:00", "end_time": "07:30:00", "repeats": true, "end_repeat": null, "users": [120]}}, {"model": "events.event", "pk": 8, "fields": {"author": 120, "title": "event3", "location": "Sun3", "start_date": "2025-03-19", "end_date": "2025-03-19", "start_time": "16:30:00", "end_time": "17:30:00", "repeats": true, "end_repeat": "2025-10-19", "users": [120]}}, {"model": "events.event", "pk": 9, "fields": {"author": 120, "title": "event4", "location": "Sun4", "start_date": "2025-03-20", "end_date": "2025-03-20", "start_time": "16:30:00", "end_time": "17:30:00", "repeats": false, "end_repeat": null, "users": [120]}}, {"model": "events.event", "pk": 10, "fields": {"author": 120, "title": "event5", "location": "Event5", "start_date": "2025-03-22", "end_date": "2025-03-22", "start_time": "18:30:00", "end_time": "19:30:00", "repeats": true, "end_repeat": "2025-03-25", "users": [120]}}, {"model": "events.event", "pk": 11, "fields": {"author": 120, "title": "event6", "location": "Event6", "start_date": "2025-03-23", "end_date": "2025-03-24", "start_time": "16:30:00", "end_time": "19:30:00", "repeats": false, "end_repeat": null, "users": [120]}}, {"model": "events.event", "pk": 12, "fields": {"author": 120, "title": "event20250320_1354", "location": null, "start_date": "2025-03-25", "end_date": "2025-03-25", "start_time": null, "end_time": null, "repeats": false, "end_repeat": null, "users": [120]}}, {"model": "events.event", "pk": 13, "fields": {"author": 120, "title": "event20250320_1403", "location": null, "start_date": "2025-03-25", "end_date": "2025-03-25", "start_time": null, "end_time": null, "repeats": false, "end_repeat": null, "users": [120]}}, {"model": "events.event", "pk": 14, "fields": {"author": 28, "title": "string", "location": "Дворец спорта", "start_date": "2025-03-29", "end_date": "2025-03-31", "start_time": "18:00:00", "end_time": "19:00:00", "repeats": false, "end_repeat": null, "users": [1, 28]}}, {"model": "events.event", "pk": 15, "fields": {"author": 28, "title": "Бассейн-changed", "location": "Дворец спорта", "start_date": "2025-05-06", "end_date": "2025-05-08", "start_time": "18:00:00", "end_time": "19:00:00", "repeats": true, "end_repeat": "2026-03-14", "users": [1, 28]}}, {"model": "events.event", "pk": 16, "fields": {"author": 28, "title": "Бассейн-changed", "location": "Дворец спорта", "start_date": "2025-04-08", "end_date": "2025-04-10", "start_time": "18:00:00", "end_time": "19:00:00", "repeats": true, "end_repeat": "2025-05-05", "users": [1, 28]}}, {"model": "events.event", "pk": 17, "fields": {"author": 28, "title": "Бассейн-changed_once", "location": "Дворец спорта", "start_date": "2025-04-12", "end_date": "2025-04-14", "start_time": "18:00:00", "end_time": "19:00:00", "repeats": false, "end_repeat": null, "users": [28]}}, {"model": "events.event", "pk": 18, "fields": {"author": 102, "title": "коелел", "location": "к", "start_date": "2025-04-03", "end_date": "2025-04-03", "start_time": "12:33:04.654", "end_time": "13:33:04.655", "repeats": false, "end_repeat": null, "users": [1]}}, {"model": "events.event", "pk": 19, "fields": {"author": 102, "title": "аоао", "location": "аоао", "start_date": "2025-04-03", "end_date": "2025-04-03", "start_time": "12:46:23.285", "end_time": "13:46:23.285", "repeats": false, "end_repeat": null, "users": [1]}}, {"model": "events.event", "pk": 20, "fields": {"author": 102, "title": "аоао", "location": "аоао", "start_date": "2025-04-03", "end_date": "2025-04-03", "start_time": "12:46:23.285", "end_time": "13:46:23.285", "repeats": false, "end_repeat": null, "users": [1]}}, {"model": "events.event", "pk": 21, "fields": {"author": 102, "title": "нррр", "location": "нор", "start_date": "2025-04-03", "end_date": "2025-04-03", "start_time": "15:10:54.082", "end_time": "16:10:54.082", "repeats": false, "end_repeat": null, "users": [1]}}, {"model": "events.event", "pk": 22, "fields": {"author": 102, "title": "кеее", "location": "п", "start_date": "2025-04-03", "end_date": "2025-04-03", "start_time": "15:15:37.875", "end_time": "16:15:37.875", "repeats": false, "end_repeat": null, "users": [1]}}, {"model": "events.event", "pk": 23, "fields": {"author": 102, "title": "ллллл", "location": "елеатат", "start_date": "2025-04-18", "end_date": "2025-04-03", "start_time": "15:22:33.333", "end_time": "16:22:33.333", "repeats": false, "end_repeat": null, "users": [1]}}, {"model": "events.event", "pk": 24, "fields": {"author": 102, "title": "гвоал", "location": "", "start_date": "2025-04-03", "end_date": "2025-04-03", "start_time": "16:08:29.869", "end_time": "17:08:29.869", "repeats": false, "end_repeat": null, "users": [1]}}, {"model": "events.event", "pk": 25, "fields": {"author": 28, "title": "Test", "location": "string", "start_date": "2025-04-03", "end_date": "2025-04-03", "start_time": null, "end_time": null, "repeats": false, "end_repeat": null, "users": [28]}}, {"model": "events.event", "pk": 27, "fields": {"author": 28, "title": "Test of repeats", "location": "string", "start_date": "2025-04-03", "end_date": "2025-04-03", "start_time": null, "end_time": null, "repeats": true, "end_repeat": null, "users": [28]}}, {"model": "events.event", "pk": 28, "fields": {"author": 154, "title": "ннннн", "location": "", "start_date": "2025-04-10", "end_date": "2025-04-06", "start_time": "17:53:52.175", "end_time": "18:53:52.175", "repeats": false, "end_repeat": null, "users": [1]}}, {"model": "events.event", "pk": 29, "fields": {"author": 154, "title": "оооо", "location": "", "start_date": "2025-04-11", "end_date": "2025-04-06", "start_time": null, "end_time": null, "repeats": false, "end_repeat": null, "users": [1]}}, {"model": "events.event", "pk": 30, "fields": {"author": 154, "title": "огоо", "location": "", "start_date": "2025-04-13", "end_date": "2025-04-07", "start_time": "11:03:47.543", "end_time": "12:03:47.546", "repeats": false, "end_repeat": null, "users": [1]}}, {"model": "events.event", "pk": 31, "fields": {"author": 102, "title": "щщщщщ", "location": "", "start_date": "2025-04-12", "end_date": "2025-04-09", "start_time": "11:32:15.035", "end_time": "12:32:15.036", "repeats": false, "end_repeat": null, "users": [1]}}, {"model": "events.event", "pk": 32, "fields": {"author": 154, "title": "oooooo", "location": "", "start_date": "2025-04-20", "end_date": "2025-04-09", "start_time": "12:26:37.644", "end_time": "13:26:37.645", "repeats": false, "end_repeat": null, "users": [1]}}, {"model": "events.eventmeta", "pk": 1, "fields": {"event": 3, "freq": 2, "interval": 2, "byweekday": "1, 5", "bymonthday": null, "bymonth": null, "byweekno": null}}, {"model": "events.eventmeta", "pk": 2, "fields": {"event": 6, "freq": 3, "interval": 1000, "byweekday": "0,1,2,3", "bymonthday": "1,28,30", "bymonth": 12, "byweekno": 5}}, {"model": "events.eventmeta", "pk": 3, "fields": {"event": 7, "freq": 3, "interval": 1000, "byweekday": "0,1,2,3", "bymonthday": "1,28,30", "bymonth": 12, "byweekno": 5}}, {"model": "events.eventmeta", "pk": 4, "fields": {"event": 8, "freq": 3, "interval": 1000, "byweekday": "0,1,2,3", "bymonthday": "1,28,30", "bymonth": 12, "byweekno": 5}}, {"model": "events.eventmeta", "pk": 5, "fields": {"event": 10, "freq": 3, "interval": 1000, "byweekday": "0,1,4", "bymonthday": "2,22,28", "bymonth": 12, "byweekno": 5}}, {"model": "events.eventmeta", "pk": 6, "fields": {"event": 16, "freq": 2, "interval": 2, "byweekday": "1, 5", "bymonthday": null, "bymonth": null, "byweekno": null}}, {"model": "events.eventmeta", "pk": 8, "fields": {"event": 27, "freq": 3, "interval": 3, "byweekday": null, "bymonthday": null, "bymonth": null, "byweekno": null}}, {"model": "events.canceledevent", "pk": 1, "fields": {"event": 3, "cancel_date": "2025-03-29"}}, {"model": "events.canceledevent", "pk": 2, "fields": {"event": 16, "cancel_date": "2025-04-12"}}, {"model": "events.canceledevent", "pk": 3, "fields": {"event": 16, "cancel_date": "2025-04-22"}}]